,Unnamed: 0,Top Level,Primary Level,Secondary Level,Full Title,ISSN,Unformatted ISSN,Product ID,Status,Change History
18,7590,Physical Sciences and Engineering,Computer Science,Artificial Intelligence,Advanced Engineering Informatics,1474-0346,14740346,02007,Active,Formerly known as Artificial Intelligence in Engineering
19,7591,Physical Sciences and Engineering,Computer Science,Artificial Intelligence,AI Open,2666-6510,26666510,30405,Active,
22,7594,Physical Sciences and Engineering,Computer Science,Artificial Intelligence,Artificial Intelligence,0004-3702,00043702,05255,Active,
24,7596,Physical Sciences and Engineering,Computer Science,Artificial Intelligence,Artificial Intelligence in Engineering,0954-1810,09541810,02007,Changed Name,Continued as Advanced Engineering Informatics
26,7598,Physical Sciences and Engineering,Computer Science,Artificial Intelligence,Artificial Intelligence in Medicine,0933-3657,09333657,05095,Active,
31,7603,Physical Sciences and Engineering,Computer Science,Artificial Intelligence,CAAI Transactions on Intelligence Technology,2468-2322,24682322,18343,Transferred,Transferred back to the society as of 2017
35,7607,Physical Sciences and Engineering,Computer Science,Artificial Intelligence,Data & Knowledge Engineering,0169-023X,0169023X,05265,Active,
36,7608,Physical Sciences and Engineering,Computer Science,Artificial Intelligence,Data Science and Management,2666-7649,26667649,30429,Active,
37,7609,Physical Sciences and Engineering,Computer Science,Artificial Intelligence,Design and Artificial Intelligence,3050-7413,30507413,32094,Active,
38,7612,Physical Sciences and Engineering,Computer Science,Artificial Intelligence,Engineering Applications of Artificial Intelligence,0952-1976,09521976,00975,Active,
39,7614,Physical Sciences and Engineering,Computer Science,Artificial Intelligence,Expert Systems with Applications,0957-4174,09574174,00939,Active,
40,7615,Physical Sciences and Engineering,Computer Science,Artificial Intelligence,Expert Systems with Applications: X,2590-1885,25901885,18477,Active,
41,7616,Physical Sciences and Engineering,Computer Science,Artificial Intelligence,Future Computing and Informatics Journal,2314-7288,23147288,18252,Transferred,Transferred to Taylor & Francis as of 2019
42,7617,Physical Sciences and Engineering,Computer Science,Artificial Intelligence,Fuzzy Sets and Systems,0165-0114,01650114,05371,Active,
43,7618,Physical Sciences and Engineering,Computer Science,Artificial Intelligence,Information Sciences,0020-0255,00200255,07669,Active,Incorporating Information Sciences - Applications
44,7619,Physical Sciences and Engineering,Computer Science,Artificial Intelligence,Information Systems,0306-4379,03064379,00236,Active,
50,7626,Physical Sciences and Engineering,Computer Science,Artificial Intelligence,International Journal of Approximate Reasoning,0888-613X,0888613X,07662,Active,
51,7627,Physical Sciences and Engineering,Computer Science,Artificial Intelligence,International Journal of Cognitive Computing in Engineering,2666-3074,26663074,30285,Active,
53,7629,Physical Sciences and Engineering,Computer Science,Artificial Intelligence,International Journal of Human-Computer Studies,1071-5819,10715819,12608,Active,Formerly known as International Journal of Man-Machine Studies; Incorporating Knowledge Acquisition
54,7630,Physical Sciences and Engineering,Computer Science,Artificial Intelligence,International Journal of Intelligent Networks,2666-6030,26666030,30392,Active,
55,7631,Physical Sciences and Engineering,Computer Science,Artificial Intelligence,Journal of Automation and Intelligence,2949-8554,29498554,31565,Active,
56,7633,Physical Sciences and Engineering,Computer Science,Artificial Intelligence,Journal of Responsible Technology,2666-6596,26666596,30406,Active,
58,7635,Physical Sciences and Engineering,Computer Science,Artificial Intelligence,Knowledge-Based Systems,0950-7051,09507051,05293,Active,
59,7636,Physical Sciences and Engineering,Computer Science,Artificial Intelligence,Machine Learning with Applications,2666-8270,26668270,30455,Active,
60,7638,Physical Sciences and Engineering,Computer Science,Artificial Intelligence,Natural Language Processing Journal,2949-7191,29497191,31494,Active,
61,7639,Physical Sciences and Engineering,Computer Science,Artificial Intelligence,Neural Networks,0893-6080,08936080,00841,Active,
62,7640,Physical Sciences and Engineering,Computer Science,Artificial Intelligence,Neurocomputing,0925-2312,09252312,05301,Active,
70,7650,Physical Sciences and Engineering,Computer Science,Computational Theory and Mathematics,Artificial Intelligence,0004-3702,00043702,05255,Active,
71,7651,Physical Sciences and Engineering,Computer Science,Computational Theory and Mathematics,Big Data Research,2214-5796,22145796,07502,Active,
74,7654,Physical Sciences and Engineering,Computer Science,Computational Theory and Mathematics,Computational Statistics & Data Analysis,0167-9473,01679473,05364,Active,
75,7655,Physical Sciences and Engineering,Computer Science,Computational Theory and Mathematics,"Computer Languages, Systems & Structures",1477-8424,14778424,12682,Incorporated,Formerly known as Computer Languages; Incorporated into Journal of Visual Languages & Computing
79,7659,Physical Sciences and Engineering,Computer Science,Computational Theory and Mathematics,Future Generation Computer Systems,0167-739X,0167739X,05273,Active,
80,7660,Physical Sciences and Engineering,Computer Science,Computational Theory and Mathematics,Fuzzy Information and Engineering,1616-8658,16168658,18086,Transferred,Transferred back to the society as of 2018
81,7661,Physical Sciences and Engineering,Computer Science,Computational Theory and Mathematics,High-Confidence Computing,2667-2952,26672952,31164,Active,
82,7662,Physical Sciences and Engineering,Computer Science,Computational Theory and Mathematics,Information and Computation,0890-5401,08905401,12048,Active,Formerly known as Information and Control
83,7663,Physical Sciences and Engineering,Computer Science,Computational Theory and Mathematics,Information and Control,0019-9958,00199958,12048,Changed Name,Continued as Information and Computation
84,7664,Physical Sciences and Engineering,Computer Science,Computational Theory and Mathematics,Information Processing Letters,0020-0190,00200190,05282,Active,
85,7665,Physical Sciences and Engineering,Computer Science,Computational Theory and Mathematics,Information Systems,0306-4379,03064379,00236,Active,
88,7668,Physical Sciences and Engineering,Computer Science,Computational Theory and Mathematics,Journal of Computational Science,1877-7503,18777503,08700,Active,
89,7669,Physical Sciences and Engineering,Computer Science,Computational Theory and Mathematics,Journal of Computer and System Sciences,0022-0000,00220000,12059,Active,
91,7671,Physical Sciences and Engineering,Computer Science,Computational Theory and Mathematics,Journal of Innovation in Digital Ecosystems,2352-6645,23526645,18091,Transferred,Transferred back to the society as of 2017
94,7675,Physical Sciences and Engineering,Computer Science,Computational Theory and Mathematics,Journal of Parallel and Distributed Computing,0743-7315,07437315,12080,Active,
95,7676,Physical Sciences and Engineering,Computer Science,Computational Theory and Mathematics,Science of Computer Programming,0167-6423,01676423,05310,Active,
96,7677,Physical Sciences and Engineering,Computer Science,Computational Theory and Mathematics,Soft Computing Letters,2666-2221,26662221,30253,Active,
97,7678,Physical Sciences and Engineering,Computer Science,Computational Theory and Mathematics,Systems and Soft Computing,2772-9419,27729419,30253,Active,
98,7679,Physical Sciences and Engineering,Computer Science,Computational Theory and Mathematics,Theoretical Computer Science,0304-3975,03043975,05317,Active,
122,7710,Physical Sciences and Engineering,Computer Science,Computer Networks and Communications,Computers & Security,0167-4048,01674048,02069,Active,
123,7711,Physical Sciences and Engineering,Computer Science,Computer Networks and Communications,Cyber Security and Applications,2772-9184,27729184,31379,Active,
124,7712,Physical Sciences and Engineering,Computer Science,Computer Networks and Communications,Digital Investigation,1742-2876,17422876,04064,Changed Name,Continued as Forensic Science International: Digital Investigation
125,7714,Physical Sciences and Engineering,Computer Science,Computer Networks and Communications,Expert Systems with Applications: X,2590-1885,25901885,18477,Active,
126,7715,Physical Sciences and Engineering,Computer Science,Computer Networks and Communications,Forensic Science International: Digital Investigation,2666-2817,26662817,04064,Active,Formerly known as Digital Investigation
127,7716,Physical Sciences and Engineering,Computer Science,Computer Networks and Communications,Future Generation Computer Systems,0167-739X,0167739X,05273,Active,
128,7717,Physical Sciences and Engineering,Computer Science,Computer Networks and Communications,Information Security Technical Report,1363-4127,13634127,02199,Changed Name,Continued as Journal of Information Security and Applications
130,7722,Physical Sciences and Engineering,Computer Science,Computer Networks and Communications,International Journal of Intelligent Networks,2666-6030,26666030,30392,Active,
132,7724,Physical Sciences and Engineering,Computer Science,Computer Networks and Communications,Journal of Computational Science,1877-7503,18777503,08700,Active,
133,7727,Physical Sciences and Engineering,Computer Science,Computer Networks and Communications,Journal of Information Security and Applications,2214-2126,22142126,02199,Active,Formerly known as Information Security Technical Report
134,7728,Physical Sciences and Engineering,Computer Science,Computer Networks and Communications,Journal of Innovation in Digital Ecosystems,2352-6645,23526645,18091,Transferred,Transferred back to the society as of 2017
136,7730,Physical Sciences and Engineering,Computer Science,Computer Networks and Communications,Journal of Parallel and Distributed Computing,0743-7315,07437315,12080,Active,
142,7736,Physical Sciences and Engineering,Computer Science,Computer Networks and Communications,Network Security,1353-4858,13534858,02158,Transferred,Transferred to Mark Allen Group as of 2022
159,7753,Physical Sciences and Engineering,Computer Science,Computer Science (General),Computer Law & Security Review,0267-3649,02673649,02066,Active,
166,7761,Physical Sciences and Engineering,Computer Science,Computer Science (General),Design and Artificial Intelligence,3050-7413,30507413,32094,Active,
175,7771,Physical Sciences and Engineering,Computer Science,Computer Science (General),Future Generation Computer Systems,0167-739X,0167739X,05273,Active,
202,7798,Physical Sciences and Engineering,Computer Science,Computer Science Applications,AI Open,2666-6510,26666510,30405,Active,
208,7804,Physical Sciences and Engineering,Computer Science,Computer Science Applications,Big Data Research,2214-5796,22145796,07502,Active,
226,7823,Physical Sciences and Engineering,Computer Science,Computer Science Applications,Computers & Security,0167-4048,01674048,02069,Active,
229,7826,Physical Sciences and Engineering,Computer Science,Computer Science Applications,Cyber Security and Applications,2772-9184,27729184,31379,Active,
230,7827,Physical Sciences and Engineering,Computer Science,Computer Science Applications,Digital Investigation,1742-2876,17422876,04064,Changed Name,Continued as Forensic Science International: Digital Investigation
232,7831,Physical Sciences and Engineering,Computer Science,Computer Science Applications,Expert Systems with Applications,0957-4174,09574174,00939,Active,
233,7832,Physical Sciences and Engineering,Computer Science,Computer Science Applications,Expert Systems with Applications: X,2590-1885,25901885,18477,Active,
235,7834,Physical Sciences and Engineering,Computer Science,Computer Science Applications,Forensic Science International: Digital Investigation,2666-2817,26662817,04064,Active,Formerly known as Digital Investigation
236,7835,Physical Sciences and Engineering,Computer Science,Computer Science Applications,Future Generation Computer Systems,0167-739X,0167739X,05273,Active,
237,7836,Physical Sciences and Engineering,Computer Science,Computer Science Applications,Fuzzy Sets and Systems,0165-0114,01650114,05371,Active,
239,7838,Physical Sciences and Engineering,Computer Science,Computer Science Applications,High-Confidence Computing,2667-2952,26672952,31164,Active,
242,7842,Physical Sciences and Engineering,Computer Science,Computer Science Applications,Informatics and Health,2949-9534,29499534,31621,Active,
243,7843,Physical Sciences and Engineering,Computer Science,Computer Science Applications,Information Processing & Management,0306-4573,03064573,00244,Active,Formerly known as Information Storage and Retrieval
244,7844,Physical Sciences and Engineering,Computer Science,Computer Science Applications,Information Sciences,0020-0255,00200255,07669,Active,Incorporating Information Sciences - Applications
245,7845,Physical Sciences and Engineering,Computer Science,Computer Science Applications,Information Sciences - Applications,1069-0115,10690115,07669,Incorporated,Incorporated into Information Sciences
246,7846,Physical Sciences and Engineering,Computer Science,Computer Science Applications,Information Security Technical Report,1363-4127,13634127,02199,Changed Name,Continued as Journal of Information Security and Applications
247,7847,Physical Sciences and Engineering,Computer Science,Computer Science Applications,Information Systems,0306-4379,03064379,00236,Active,
248,7849,Physical Sciences and Engineering,Computer Science,Computer Science Applications,International Journal of Approximate Reasoning,0888-613X,0888613X,07662,Active,
249,7850,Physical Sciences and Engineering,Computer Science,Computer Science Applications,International Journal of Bio-Medical Computing,0020-7101,00207101,08024,Changed Name,Continued as International Journal of Medical Informatics
250,7852,Physical Sciences and Engineering,Computer Science,Computer Science Applications,International Journal of Medical Informatics,1386-5056,13865056,08024,Active,Formerly known as International Journal of Bio-Medical Computing
252,7854,Physical Sciences and Engineering,Computer Science,Computer Science Applications,Journal of the American Medical Informatics Association,1067-5027,10675027,14014,Transferred,Transferred to the BMJ Publishing Group as of 2010
253,7855,Physical Sciences and Engineering,Computer Science,Computer Science Applications,Journal of Biomedical Informatics,1532-0464,15320464,12017,Active,Formerly known as Computers and Biomedical Research
255,7857,Physical Sciences and Engineering,Computer Science,Computer Science Applications,Journal of Computational Science,1877-7503,18777503,08700,Active,
257,7859,Physical Sciences and Engineering,Computer Science,Computer Science Applications,Journal of Information Security and Applications,2214-2126,22142126,02199,Active,Formerly known as Information Security Technical Report
258,7860,Physical Sciences and Engineering,Computer Science,Computer Science Applications,Journal of Informetrics,1751-1577,17511577,04091,Active,
259,7862,Physical Sciences and Engineering,Computer Science,Computer Science Applications,Journal of Parallel and Distributed Computing,0743-7315,07437315,12080,Active,
262,7867,Physical Sciences and Engineering,Computer Science,Computer Science Applications,Machine Learning with Applications,2666-8270,26668270,30455,Active,
263,7869,Physical Sciences and Engineering,Computer Science,Computer Science Applications,Network Security,1353-4858,13534858,02158,Transferred,Transferred to Mark Allen Group as of 2022
270,7879,Physical Sciences and Engineering,Computer Science,Computer Science Applications,Soft Computing Letters,2666-2221,26662221,30253,Active,
273,7882,Physical Sciences and Engineering,Computer Science,Computer Science Applications,Systems and Soft Computing,2772-9419,27729419,30253,Active,
277,7887,Physical Sciences and Engineering,Computer Science,Computer Vision and Pattern Recognition,Artificial Intelligence,0004-3702,00043702,05255,Active,
279,7889,Physical Sciences and Engineering,Computer Science,Computer Vision and Pattern Recognition,CAAI Transactions on Intelligence Technology,2468-2322,24682322,18343,Transferred,Transferred back to the society as of 2017
285,7895,Physical Sciences and Engineering,Computer Science,Computer Vision and Pattern Recognition,Fuzzy Sets and Systems,0165-0114,01650114,05371,Active,
287,7898,Physical Sciences and Engineering,Computer Science,Computer Vision and Pattern Recognition,Information Fusion,1566-2535,15662535,05561,Active,
294,7939,Physical Sciences and Engineering,Computer Science,Human-Computer Interaction,CAAI Transactions on Intelligence Technology,2468-2322,24682322,18343,Transferred,Transferred back to the society as of 2017
296,7941,Physical Sciences and Engineering,Computer Science,Human-Computer Interaction,Design and Artificial Intelligence,3050-7413,30507413,32094,Active,
298,7944,Physical Sciences and Engineering,Computer Science,Human-Computer Interaction,Future Generation Computer Systems,0167-739X,0167739X,05273,Active,
299,7945,Physical Sciences and Engineering,Computer Science,Human-Computer Interaction,Information and Software Technology,0950-5849,09505849,05281,Active,Formerly known as Data Processing
300,7946,Physical Sciences and Engineering,Computer Science,Human-Computer Interaction,Interacting with Computers,0953-5438,09535438,05287,Transferred,Transferred to Oxford University Press as of 2013
302,7948,Physical Sciences and Engineering,Computer Science,Human-Computer Interaction,International Journal of Human-Computer Studies,1071-5819,10715819,12608,Active,Formerly known as International Journal of Man-Machine Studies; Incorporating Knowledge Acquisition
303,7949,Physical Sciences and Engineering,Computer Science,Human-Computer Interaction,International Journal of Man-Machine Studies,0020-7373,00207373,12608,Changed Name,Continued as International Journal of Human-Computer Studies
304,7950,Physical Sciences and Engineering,Computer Science,Human-Computer Interaction,Journal of Computational Science,1877-7503,18777503,08700,Active,
306,7952,Physical Sciences and Engineering,Computer Science,Human-Computer Interaction,Journal of Responsible Technology,2666-6596,26666596,30406,Active,
311,7959,Physical Sciences and Engineering,Computer Science,Information Systems,Computers & Security,0167-4048,01674048,02069,Active,
313,7961,Physical Sciences and Engineering,Computer Science,Information Systems,Data & Knowledge Engineering,0169-023X,0169023X,05265,Active,
314,7962,Physical Sciences and Engineering,Computer Science,Information Systems,Data Processing,0011-684X,0011684X,05281,Changed Name,Continued as Information and Software Technology
315,7963,Physical Sciences and Engineering,Computer Science,Information Systems,Data Science and Informetrics,2694-6106,26946106,32066,Active,
316,7964,Physical Sciences and Engineering,Computer Science,Information Systems,Data Science and Management,2666-7649,26667649,30429,Active,
317,7965,Physical Sciences and Engineering,Computer Science,Information Systems,Decision Support Systems,0167-9236,01679236,05366,Active,
318,7966,Physical Sciences and Engineering,Computer Science,Information Systems,Digital Investigation,1742-2876,17422876,04064,Changed Name,Continued as Forensic Science International: Digital Investigation
319,7967,Physical Sciences and Engineering,Computer Science,Information Systems,European Research in Telemedicine / La Recherche Européenne en Télémédecine,2212-764X,2212764X,15261,Discontinued,Title discontinued as of 2018
320,7968,Physical Sciences and Engineering,Computer Science,Information Systems,Forensic Science International: Digital Investigation,2666-2817,26662817,04064,Active,Formerly known as Digital Investigation
321,7969,Physical Sciences and Engineering,Computer Science,Information Systems,Future Computing and Informatics Journal,2314-7288,23147288,18252,Transferred,Transferred to Taylor & Francis as of 2019
322,7970,Physical Sciences and Engineering,Computer Science,Information Systems,Future Generation Computer Systems,0167-739X,0167739X,05273,Active,
326,7974,Physical Sciences and Engineering,Computer Science,Information Systems,Informatics and Health,2949-9534,29499534,31621,Active,
328,7976,Physical Sciences and Engineering,Computer Science,Information Systems,Information Fusion,1566-2535,15662535,05561,Active,
329,7977,Physical Sciences and Engineering,Computer Science,Information Systems,Information & Management,0378-7206,03787206,05374,Active,
330,7978,Physical Sciences and Engineering,Computer Science,Information Systems,Information and Organization,1471-7727,14717727,00964,Active,"Formerly known as Accounting, Management and Information Technologies"
331,7979,Physical Sciences and Engineering,Computer Science,Information Systems,Information Processing & Management,0306-4573,03064573,00244,Active,Formerly known as Information Storage and Retrieval
332,7980,Physical Sciences and Engineering,Computer Science,Information Systems,Information Sciences,0020-0255,00200255,07669,Active,Incorporating Information Sciences - Applications
333,7981,Physical Sciences and Engineering,Computer Science,Information Systems,Information Security Technical Report,1363-4127,13634127,02199,Changed Name,Continued as Journal of Information Security and Applications
334,7982,Physical Sciences and Engineering,Computer Science,Information Systems,Information and Software Technology,0950-5849,09505849,05281,Active,Formerly known as Data Processing
335,7983,Physical Sciences and Engineering,Computer Science,Information Systems,Information Storage and Retrieval,0020-0271,00200271,00244,Changed Name,Continued as Information Processing & Management
336,7984,Physical Sciences and Engineering,Computer Science,Information Systems,Information Systems,0306-4379,03064379,00236,Active,
337,7987,Physical Sciences and Engineering,Computer Science,Information Systems,Intelligent Data Analysis,1088-467X,1088467X,04672,Transferred,Transferred to IOS Press as of 2000
338,7988,Physical Sciences and Engineering,Computer Science,Information Systems,International Journal of Approximate Reasoning,0888-613X,0888613X,07662,Active,
339,7989,Physical Sciences and Engineering,Computer Science,Information Systems,International Journal of Cognitive Computing in Engineering,2666-3074,26663074,30285,Active,
340,7990,Physical Sciences and Engineering,Computer Science,Information Systems,International Journal of Information Management Data Insights,2667-0968,26670968,31103,Active,
341,7991,Physical Sciences and Engineering,Computer Science,Information Systems,International Journal of Medical Informatics,1386-5056,13865056,08024,Active,Formerly known as International Journal of Bio-Medical Computing
344,7994,Physical Sciences and Engineering,Computer Science,Information Systems,Journal of Computational Science,1877-7503,18777503,08700,Active,
345,7996,Physical Sciences and Engineering,Computer Science,Information Systems,Journal of Industrial Information Integration,2452-414X,2452414X,18297,Active,
346,7998,Physical Sciences and Engineering,Computer Science,Information Systems,Journal of Information Security and Applications,2214-2126,22142126,02199,Active,Formerly known as Information Security Technical Report
347,7999,Physical Sciences and Engineering,Computer Science,Information Systems,Journal of Informetrics,1751-1577,17511577,04091,Active,
348,8000,Physical Sciences and Engineering,Computer Science,Information Systems,Journal of Innovation in Digital Ecosystems,2352-6645,23526645,18091,Transferred,Transferred back to the society as of 2017
349,8001,Physical Sciences and Engineering,Computer Science,Information Systems,Journal of Responsible Technology,2666-6596,26666596,30406,Active,
350,8002,Physical Sciences and Engineering,Computer Science,Information Systems,The Journal of Strategic Information Systems,0963-8687,09638687,05402,Active,
352,8004,Physical Sciences and Engineering,Computer Science,Information Systems,Journal of Web Semantics,1570-8268,15708268,05480,Active,
359,8038,Physical Sciences and Engineering,Computer Science,Software,AI Open,2666-6510,26666510,30405,Active,
364,8043,Physical Sciences and Engineering,Computer Science,Software,"Computer Languages, Systems & Structures",1477-8424,14778424,12682,Incorporated,Formerly known as Computer Languages; Incorporated into Journal of Visual Languages & Computing
366,8045,Physical Sciences and Engineering,Computer Science,Software,Computer Programs in Biomedicine,0010-468X,0010468X,08010,Changed Name,Continued as Computer Methods and Programs in Biomedicine
369,8048,Physical Sciences and Engineering,Computer Science,Software,Data Processing,0011-684X,0011684X,05281,Changed Name,Continued as Information and Software Technology
370,8049,Physical Sciences and Engineering,Computer Science,Software,Digital Investigation,1742-2876,17422876,04064,Changed Name,Continued as Forensic Science International: Digital Investigation
374,8055,Physical Sciences and Engineering,Computer Science,Software,Forensic Science International: Digital Investigation,2666-2817,26662817,04064,Active,Formerly known as Digital Investigation
375,8056,Physical Sciences and Engineering,Computer Science,Software,Future Computing and Informatics Journal,2314-7288,23147288,18252,Transferred,Transferred to Taylor & Francis as of 2019
376,8057,Physical Sciences and Engineering,Computer Science,Software,Future Generation Computer Systems,0167-739X,0167739X,05273,Active,
378,8059,Physical Sciences and Engineering,Computer Science,Software,High-Confidence Computing,2667-2952,26672952,31164,Active,
379,8060,Physical Sciences and Engineering,Computer Science,Software,Information and Software Technology,0950-5849,09505849,05281,Active,Formerly known as Data Processing
380,8061,Physical Sciences and Engineering,Computer Science,Software,Information Systems,0306-4379,03064379,00236,Active,
382,8063,Physical Sciences and Engineering,Computer Science,Software,Intelligent Data Analysis,1088-467X,1088467X,04672,Transferred,Transferred to IOS Press as of 2000
383,8064,Physical Sciences and Engineering,Computer Science,Software,Journal of Computational Science,1877-7503,18777503,08700,Active,
384,8065,Physical Sciences and Engineering,Computer Science,Software,Journal of Innovation in Digital Ecosystems,2352-6645,23526645,18091,Transferred,Transferred back to the society as of 2017
387,8069,Physical Sciences and Engineering,Computer Science,Software,Journal of Parallel and Distributed Computing,0743-7315,07437315,12080,Active,
390,8072,Physical Sciences and Engineering,Computer Science,Software,Journal of Web Semantics,1570-8268,15708268,05480,Active,
394,8076,Physical Sciences and Engineering,Computer Science,Software,Network Security,1353-4858,13534858,02158,Transferred,Transferred to Mark Allen Group as of 2022
397,8079,Physical Sciences and Engineering,Computer Science,Software,Science of Computer Programming,0167-6423,01676423,05310,Active,
398,8080,Physical Sciences and Engineering,Computer Science,Software,Software Impacts,2665-9638,26659638,30150,Active,
399,8081,Physical Sciences and Engineering,Computer Science,Software,SoftwareX,2352-7110,23527110,18109,Active,
403,8924,Physical Sciences and Engineering,Engineering,Control and Systems Engineering,Advanced Engineering Informatics,1474-0346,14740346,02007,Active,Formerly known as Artificial Intelligence in Engineering
424,8945,Physical Sciences and Engineering,Engineering,Control and Systems Engineering,Data & Knowledge Engineering,0169-023X,0169023X,05265,Active,
427,8948,Physical Sciences and Engineering,Engineering,Control and Systems Engineering,Engineering Applications of Artificial Intelligence,0952-1976,09521976,00975,Active,
429,8950,Physical Sciences and Engineering,Engineering,Control and Systems Engineering,Expert Systems with Applications,0957-4174,09574174,00939,Active,
437,8958,Physical Sciences and Engineering,Engineering,Control and Systems Engineering,Intelligent Data Analysis,1088-467X,1088467X,04672,Transferred,Transferred to IOS Press as of 2000
442,8963,Physical Sciences and Engineering,Engineering,Control and Systems Engineering,Journal of Automation and Intelligence,2949-8554,29498554,31565,Active,
446,8968,Physical Sciences and Engineering,Engineering,Control and Systems Engineering,Journal of Parallel and Distributed Computing,0743-7315,07437315,12080,Active,
451,8973,Physical Sciences and Engineering,Engineering,Control and Systems Engineering,Knowledge-Based Systems,0950-7051,09507051,05293,Active,
475,8997,Physical Sciences and Engineering,Engineering,Control and Systems Engineering,Systems Engineering Procedia,2211-3819,22113819,12948,Discontinued,Title discontinued as of 2013
476,8998,Physical Sciences and Engineering,Engineering,Control and Systems Engineering,Systems Engineering – Theory & Practice,1874-8651,18748651,08642,Discontinued,Title discontinued as of 2010
496,9213,Physical Sciences and Engineering,Engineering,Industrial and Manufacturing Engineering,Computers & Industrial Engineering,0360-8352,03608352,00399,Active,
504,9222,Physical Sciences and Engineering,Engineering,Industrial and Manufacturing Engineering,International Journal of Human-Computer Studies,1071-5819,10715819,12608,Active,Formerly known as International Journal of Man-Machine Studies; Incorporating Knowledge Acquisition
508,9227,Physical Sciences and Engineering,Engineering,Industrial and Manufacturing Engineering,International Journal of Man-Machine Studies,0020-7373,00207373,12608,Changed Name,Continued as International Journal of Human-Computer Studies
509,9228,Physical Sciences and Engineering,Engineering,Industrial and Manufacturing Engineering,International Journal of Production Economics,0925-5273,09255273,05380,Active,Formerly known as Engineering Costs and Production Economics
518,9237,Physical Sciences and Engineering,Engineering,Industrial and Manufacturing Engineering,Journal of Operations Management,0272-6963,02726963,05400,Transferred,Transferred to Wiley as of 2019
554,9443,Physical Sciences and Engineering,Engineering,"Safety, Risk, Reliability and Quality",Reliability Engineering & System Safety,0951-8320,09518320,02054,Active,Formerly known as Reliability Engineering
581,10007,Physical Sciences and Engineering,Mathematics,Applied Mathematics,Computers & Industrial Engineering,0360-8352,03608352,00399,Active,
587,10013,Physical Sciences and Engineering,Mathematics,Applied Mathematics,Fuzzy Information and Engineering,1616-8658,16168658,18086,Transferred,Transferred back to the society as of 2018
588,10014,Physical Sciences and Engineering,Mathematics,Applied Mathematics,Handbooks in Operations Research and Management Science,0927-0507,09270507,08671,Changed Name,Continued as Surveys in Operations Research and Management Science
589,10015,Physical Sciences and Engineering,Mathematics,Applied Mathematics,Healthcare Analytics,2772-4425,27724425,31243,Active,
590,10016,Physical Sciences and Engineering,Mathematics,Applied Mathematics,International Transactions in Operational Research,0969-6016,09696016,00134,Transferred,Transferred to Blackwell as of 2001
617,10043,Physical Sciences and Engineering,Mathematics,Applied Mathematics,Supply Chain Analytics,2949-8635,29498635,31572,Active,
618,10044,Physical Sciences and Engineering,Mathematics,Applied Mathematics,Surveys in Operations Research and Management Science,1876-7354,18767354,00300,Incorporated,Formerly known as Handbooks in Operations Research and Management Science; Incorporated into Computers & Operations Research;
626,10052,Physical Sciences and Engineering,Mathematics,Computational Mathematics,Computational Statistics & Data Analysis,0167-9473,01679473,05364,Active,
637,10063,Physical Sciences and Engineering,Mathematics,Computational Mathematics,Journal of Computational Mathematics and Data Science,2772-4158,27724158,31234,Active,
646,10072,Physical Sciences and Engineering,Mathematics,Control and Optimization,Discrete Optimization,1572-5286,15725286,05497,Active,
648,10074,Physical Sciences and Engineering,Mathematics,Control and Optimization,Journal of Economic Dynamics and Control,0165-1889,01651889,05390,Active,
650,10076,Physical Sciences and Engineering,Mathematics,Control and Optimization,Knowledge-Based Systems,0950-7051,09507051,05293,Active,
651,10077,Physical Sciences and Engineering,Mathematics,Control and Optimization,Neural Networks,0893-6080,08936080,00841,Active,
654,10080,Physical Sciences and Engineering,Mathematics,Control and Optimization,Results in Control and Optimization,2666-7207,26667207,30422,Active,
663,10089,Physical Sciences and Engineering,Mathematics,Discrete Mathematics and Combinatorics,Discrete Optimization,1572-5286,15725286,05497,Active,
672,10098,Physical Sciences and Engineering,Mathematics,Discrete Mathematics and Combinatorics,Operations Research Letters,0167-6377,01676377,05412,Active,
673,10099,Physical Sciences and Engineering,Mathematics,Discrete Mathematics and Combinatorics,Surveys in Operations Research and Management Science,1876-7354,18767354,00300,Incorporated,Formerly known as Handbooks in Operations Research and Management Science; Incorporated into Computers & Operations Research;
685,10137,Physical Sciences and Engineering,Mathematics,Mathematics (General),Information Sciences - Applications,1069-0115,10690115,07669,Incorporated,Incorporated into Information Sciences
710,10164,Physical Sciences and Engineering,Mathematics,Modelling and Simulation,Handbooks in Operations Research and Management Science,0927-0507,09270507,08671,Changed Name,Continued as Surveys in Operations Research and Management Science
711,10165,Physical Sciences and Engineering,Mathematics,Modelling and Simulation,Healthcare Analytics,2772-4425,27724425,31243,Active,
712,10166,Physical Sciences and Engineering,Mathematics,Modelling and Simulation,International Transactions in Operational Research,0969-6016,09696016,00134,Transferred,Transferred to Blackwell as of 2001
714,10168,Physical Sciences and Engineering,Mathematics,Modelling and Simulation,Journal of Operations Management,0272-6963,02726963,05400,Transferred,Transferred to Wiley as of 2019
719,10173,Physical Sciences and Engineering,Mathematics,Modelling and Simulation,Operations Research Letters,0167-6377,01676377,05412,Active,
726,10180,Physical Sciences and Engineering,Mathematics,Modelling and Simulation,Surveys in Operations Research and Management Science,1876-7354,18767354,00300,Incorporated,Formerly known as Handbooks in Operations Research and Management Science; Incorporated into Computers & Operations Research;
731,10185,Physical Sciences and Engineering,Mathematics,Numerical Analysis,Computational Statistics & Data Analysis,0167-9473,01679473,05364,Active,
745,10199,Physical Sciences and Engineering,Mathematics,Statistics and Probability,Computational Statistics & Data Analysis,0167-9473,01679473,05364,Active,
746,10200,Physical Sciences and Engineering,Mathematics,Statistics and Probability,Econometrics and Statistics,2452-3062,24523062,18306,Active,
747,10201,Physical Sciences and Engineering,Mathematics,Statistics and Probability,Fuzzy Information and Engineering,1616-8658,16168658,18086,Transferred,Transferred back to the society as of 2018
748,10202,Physical Sciences and Engineering,Mathematics,Statistics and Probability,Fuzzy Sets and Systems,0165-0114,01650114,05371,Active,
749,10203,Physical Sciences and Engineering,Mathematics,Statistics and Probability,Information Sciences,0020-0255,00200255,07669,Active,Incorporating Information Sciences - Applications
751,10205,Physical Sciences and Engineering,Mathematics,Statistics and Probability,International Journal of Approximate Reasoning,0888-613X,0888613X,07662,Active,
752,10206,Physical Sciences and Engineering,Mathematics,Statistics and Probability,Journal of Econometrics,0304-4076,03044076,06013,Active,
770,10224,Physical Sciences and Engineering,Mathematics,Theoretical Computer Science,Information and Computation,0890-5401,08905401,12048,Active,Formerly known as Information and Control
775,10229,Physical Sciences and Engineering,Mathematics,Theoretical Computer Science,Theoretical Computer Science,0304-3975,03043975,05317,Active,
778,10664,Social Sciences and Humanities,"Business, Management and Accounting",Business and International Management,Business Horizons,0007-6813,00076813,07402,Active,
780,10666,Social Sciences and Humanities,"Business, Management and Accounting",Business and International Management,Digital Business,2666-9544,26669544,31030,Active,
782,10668,Social Sciences and Humanities,"Business, Management and Accounting",Business and International Management,European Journal of Purchasing & Supply Management,0969-7012,09697012,03028,Changed Name,Continued as Journal of Purchasing and Supply Management
783,10669,Social Sciences and Humanities,"Business, Management and Accounting",Business and International Management,European Management Journal,0263-2373,02632373,00115,Active,
789,10675,Social Sciences and Humanities,"Business, Management and Accounting",Business and International Management,International Business Review,0969-5931,09695931,00133,Active,Formerly known as Scandinavian International Business Review
791,10677,Social Sciences and Humanities,"Business, Management and Accounting",Business and International Management,International Journal of Forecasting,0169-2070,01692070,05378,Active,
793,10679,Social Sciences and Humanities,"Business, Management and Accounting",Business and International Management,International Journal of Project Management,0263-7863,02637863,03047,Active,
795,10681,Social Sciences and Humanities,"Business, Management and Accounting",Business and International Management,International Public Management Journal,1096-7494,10967494,07414,Transferred,Transferred to International Public Management Network as of 2002
796,10682,Social Sciences and Humanities,"Business, Management and Accounting",Business and International Management,International Strategic Management Review,2306-7748,23067748,17024,Transferred,Transferred back to the society as of 2016
798,10684,Social Sciences and Humanities,"Business, Management and Accounting",Business and International Management,Journal of Business Research,0148-2963,01482963,07687,Active,
799,10685,Social Sciences and Humanities,"Business, Management and Accounting",Business and International Management,Journal of Business Venturing,0883-9026,08839026,07688,Active,
800,10686,Social Sciences and Humanities,"Business, Management and Accounting",Business and International Management,Journal of Business Venturing Design,2667-2774,26672774,31157,Active,
801,10687,Social Sciences and Humanities,"Business, Management and Accounting",Business and International Management,Journal of Business Venturing Insights,2352-6734,23526734,18760,Active,
804,10690,Social Sciences and Humanities,"Business, Management and Accounting",Business and International Management,Journal of Engineering and Technology Management,0923-4748,09234748,05392,Active,Formerly known as Engineering Management International
806,10692,Social Sciences and Humanities,"Business, Management and Accounting",Business and International Management,Journal of International Management,1075-4253,10754253,07684,Active,
807,10693,Social Sciences and Humanities,"Business, Management and Accounting",Business and International Management,Journal of Management Science and Engineering,2096-2320,20962320,18438,Active,
808,10694,Social Sciences and Humanities,"Business, Management and Accounting",Business and International Management,"Journal of Open Innovation: Technology, Market, and Complexity",2199-8531,21998531,31515,Active,
809,10695,Social Sciences and Humanities,"Business, Management and Accounting",Business and International Management,Journal of Purchasing and Supply Management,1478-4092,14784092,03028,Active,Formerly known as European Journal of Purchasing & Supply Management
810,10696,Social Sciences and Humanities,"Business, Management and Accounting",Business and International Management,Journal of Quality Management,1084-8568,10848568,07426,Discontinued,Title discontinued as of 2002
811,10697,Social Sciences and Humanities,"Business, Management and Accounting",Business and International Management,Journal of World Business,1090-9516,10909516,07432,Active,Formerly known as The Columbia Journal of World Business
812,10698,Social Sciences and Humanities,"Business, Management and Accounting",Business and International Management,The Leadership Quarterly,1048-9843,10489843,07433,Active,
813,10699,Social Sciences and Humanities,"Business, Management and Accounting",Business and International Management,Long Range Planning,0024-6301,00246301,00358,Active,
815,10701,Social Sciences and Humanities,"Business, Management and Accounting",Business and International Management,Project Leadership and Society,2666-7215,26667215,30427,Active,
816,10702,Social Sciences and Humanities,"Business, Management and Accounting",Business and International Management,Research in International Business and Finance,0275-5319,02755319,08552,Active,
817,10703,Social Sciences and Humanities,"Business, Management and Accounting",Business and International Management,Research Policy,0048-7333,00487333,05415,Active,
818,10704,Social Sciences and Humanities,"Business, Management and Accounting",Business and International Management,Research in Transportation Business & Management,2210-5395,22105395,12904,Active,
821,10707,Social Sciences and Humanities,"Business, Management and Accounting",Business and International Management,Technological Forecasting and Social Change,0040-1625,00401625,07771,Active,Formerly known as Technological Forecasting
822,10708,Social Sciences and Humanities,"Business, Management and Accounting",Business and International Management,Technology in Society,0160-791X,0160791X,00384,Active,
823,10709,Social Sciences and Humanities,"Business, Management and Accounting",Business and International Management,Technovation,0166-4972,01664972,02109,Active,
825,10711,Social Sciences and Humanities,"Business, Management and Accounting",Business and International Management,Transportation Research Part E: Logistics and Transportation Review,1366-5545,13665545,01012,Active,
842,10728,Social Sciences and Humanities,"Business, Management and Accounting","Business, Management and Accounting (General)","Journal of Open Innovation: Technology, Market, and Complexity",2199-8531,21998531,31515,Active,
853,10740,Social Sciences and Humanities,"Business, Management and Accounting",Management Information Systems,Data Science and Management,2666-7649,26667649,30429,Active,
854,10741,Social Sciences and Humanities,"Business, Management and Accounting",Management Information Systems,Decision Support Systems,0167-9236,01679236,05366,Active,
855,10742,Social Sciences and Humanities,"Business, Management and Accounting",Management Information Systems,Digital Investigation,1742-2876,17422876,04064,Changed Name,Continued as Forensic Science International: Digital Investigation
857,10744,Social Sciences and Humanities,"Business, Management and Accounting",Management Information Systems,Expert Systems with Applications,0957-4174,09574174,00939,Active,
858,10745,Social Sciences and Humanities,"Business, Management and Accounting",Management Information Systems,Forensic Science International: Digital Investigation,2666-2817,26662817,04064,Active,Formerly known as Digital Investigation
861,10748,Social Sciences and Humanities,"Business, Management and Accounting",Management Information Systems,Information & Management,0378-7206,03787206,05374,Active,
862,10749,Social Sciences and Humanities,"Business, Management and Accounting",Management Information Systems,Information and Organization,1471-7727,14717727,00964,Active,"Formerly known as Accounting, Management and Information Technologies"
863,10750,Social Sciences and Humanities,"Business, Management and Accounting",Management Information Systems,Information Systems,0306-4379,03064379,00236,Active,
865,10754,Social Sciences and Humanities,"Business, Management and Accounting",Management Information Systems,International Journal of Information Management,0268-4012,02684012,03046,Active,Formerly known as Social Science Information Studies
866,10755,Social Sciences and Humanities,"Business, Management and Accounting",Management Information Systems,Journal of Industrial Information Integration,2452-414X,2452414X,18297,Active,
867,10756,Social Sciences and Humanities,"Business, Management and Accounting",Management Information Systems,Journal of Management Science and Engineering,2096-2320,20962320,18438,Active,
868,10757,Social Sciences and Humanities,"Business, Management and Accounting",Management Information Systems,The Journal of Strategic Information Systems,0963-8687,09638687,05402,Active,
876,10766,Social Sciences and Humanities,"Business, Management and Accounting",Management of Technology and Innovation,European Journal of Purchasing & Supply Management,0969-7012,09697012,03028,Changed Name,Continued as Journal of Purchasing and Supply Management
878,10768,Social Sciences and Humanities,"Business, Management and Accounting",Management of Technology and Innovation,Expert Systems with Applications,0957-4174,09574174,00939,Active,
880,10770,Social Sciences and Humanities,"Business, Management and Accounting",Management of Technology and Innovation,Information Economics and Policy,0167-6245,01676245,05375,Active,
881,10771,Social Sciences and Humanities,"Business, Management and Accounting",Management of Technology and Innovation,Information and Organization,1471-7727,14717727,00964,Active,"Formerly known as Accounting, Management and Information Technologies"
882,10772,Social Sciences and Humanities,"Business, Management and Accounting",Management of Technology and Innovation,Information Systems,0306-4379,03064379,00236,Active,
885,10777,Social Sciences and Humanities,"Business, Management and Accounting",Management of Technology and Innovation,International Journal of Project Management,0263-7863,02637863,03047,Active,
890,10782,Social Sciences and Humanities,"Business, Management and Accounting",Management of Technology and Innovation,Journal of Business Venturing,0883-9026,08839026,07688,Active,
891,10783,Social Sciences and Humanities,"Business, Management and Accounting",Management of Technology and Innovation,Journal of Business Venturing Insights,2352-6734,23526734,18760,Active,
892,10784,Social Sciences and Humanities,"Business, Management and Accounting",Management of Technology and Innovation,Journal of Engineering and Technology Management,0923-4748,09234748,05392,Active,Formerly known as Engineering Management International
896,10788,Social Sciences and Humanities,"Business, Management and Accounting",Management of Technology and Innovation,"Journal of Open Innovation: Technology, Market, and Complexity",2199-8531,21998531,31515,Active,
900,10792,Social Sciences and Humanities,"Business, Management and Accounting",Management of Technology and Innovation,Research Policy,0048-7333,00487333,05415,Active,
903,10795,Social Sciences and Humanities,"Business, Management and Accounting",Management of Technology and Innovation,Technological Forecasting and Social Change,0040-1625,00401625,07771,Active,Formerly known as Technological Forecasting
904,10796,Social Sciences and Humanities,"Business, Management and Accounting",Management of Technology and Innovation,Technovation,0166-4972,01664972,02109,Active,
910,10803,Social Sciences and Humanities,"Business, Management and Accounting",Marketing,Business Horizons,0007-6813,00076813,07402,Active,
913,10807,Social Sciences and Humanities,"Business, Management and Accounting",Marketing,European Management Journal,0263-2373,02632373,00115,Active,
915,10811,Social Sciences and Humanities,"Business, Management and Accounting",Marketing,Journal of Business Research,0148-2963,01482963,07687,Active,
921,10817,Social Sciences and Humanities,"Business, Management and Accounting",Marketing,"Journal of Open Innovation: Technology, Market, and Complexity",2199-8531,21998531,31515,Active,
925,10821,Social Sciences and Humanities,"Business, Management and Accounting",Marketing,Journal of World Business,1090-9516,10909516,07432,Active,Formerly known as The Columbia Journal of World Business
939,10836,Social Sciences and Humanities,"Business, Management and Accounting",Organizational Behavior and Human Resource Management,Information and Organization,1471-7727,14717727,00964,Active,"Formerly known as Accounting, Management and Information Technologies"
941,10838,Social Sciences and Humanities,"Business, Management and Accounting",Organizational Behavior and Human Resource Management,International Journal of Information Management,0268-4012,02684012,03046,Active,Formerly known as Social Science Information Studies
942,10839,Social Sciences and Humanities,"Business, Management and Accounting",Organizational Behavior and Human Resource Management,International Journal of Project Management,0263-7863,02637863,03047,Active,
943,10840,Social Sciences and Humanities,"Business, Management and Accounting",Organizational Behavior and Human Resource Management,International Strategic Management Review,2306-7748,23067748,17024,Transferred,Transferred back to the society as of 2016
945,10842,Social Sciences and Humanities,"Business, Management and Accounting",Organizational Behavior and Human Resource Management,The Journal of Strategic Information Systems,0963-8687,09638687,05402,Active,
947,10844,Social Sciences and Humanities,"Business, Management and Accounting",Organizational Behavior and Human Resource Management,The Leadership Quarterly,1048-9843,10489843,07433,Active,
948,10845,Social Sciences and Humanities,"Business, Management and Accounting",Organizational Behavior and Human Resource Management,Organizational Behavior and Human Decision Processes,0749-5978,07495978,12100,Active,Formerly known as Organizational Behavior and Human Performance
949,10846,Social Sciences and Humanities,"Business, Management and Accounting",Organizational Behavior and Human Resource Management,Organizational Behavior and Human Performance,0030-5073,00305073,12100,Changed Name,Continued as Organizational Behavior and Human Decision Processes
950,10847,Social Sciences and Humanities,"Business, Management and Accounting",Organizational Behavior and Human Resource Management,Organizational Dynamics,0090-2616,00902616,07753,Active,
951,10848,Social Sciences and Humanities,"Business, Management and Accounting",Organizational Behavior and Human Resource Management,Research in Organizational Behavior,0191-3085,01913085,12702,Active,
957,10854,Social Sciences and Humanities,"Business, Management and Accounting",Strategy and Management,Business Horizons,0007-6813,00076813,07402,Active,
963,10861,Social Sciences and Humanities,"Business, Management and Accounting",Strategy and Management,European Management Journal,0263-2373,02632373,00115,Active,
971,10869,Social Sciences and Humanities,"Business, Management and Accounting",Strategy and Management,International Strategic Management Review,2306-7748,23067748,17024,Transferred,Transferred back to the society as of 2016
974,10872,Social Sciences and Humanities,"Business, Management and Accounting",Strategy and Management,Journal of Business Venturing,0883-9026,08839026,07688,Active,
975,10873,Social Sciences and Humanities,"Business, Management and Accounting",Strategy and Management,Journal of Business Venturing Insights,2352-6734,23526734,18760,Active,
979,10877,Social Sciences and Humanities,"Business, Management and Accounting",Strategy and Management,Journal of Engineering and Technology Management,0923-4748,09234748,05392,Active,Formerly known as Engineering Management International
985,10883,Social Sciences and Humanities,"Business, Management and Accounting",Strategy and Management,Journal of International Management,1075-4253,10754253,07684,Active,
986,10884,Social Sciences and Humanities,"Business, Management and Accounting",Strategy and Management,Journal of Management,0149-2063,01492063,07425,Transferred,Transferred to Sage Publications as of 2005
987,10885,Social Sciences and Humanities,"Business, Management and Accounting",Strategy and Management,"Journal of Open Innovation: Technology, Market, and Complexity",2199-8531,21998531,31515,Active,
988,10886,Social Sciences and Humanities,"Business, Management and Accounting",Strategy and Management,Journal of Operations Management,0272-6963,02726963,05400,Transferred,Transferred to Wiley as of 2019
990,10889,Social Sciences and Humanities,"Business, Management and Accounting",Strategy and Management,Journal of World Business,1090-9516,10909516,07432,Active,Formerly known as The Columbia Journal of World Business
991,10890,Social Sciences and Humanities,"Business, Management and Accounting",Strategy and Management,Long Range Planning,0024-6301,00246301,00358,Active,
992,10891,Social Sciences and Humanities,"Business, Management and Accounting",Strategy and Management,Omega,0305-0483,03050483,00375,Active,
993,10892,Social Sciences and Humanities,"Business, Management and Accounting",Strategy and Management,Organizational Behavior and Human Decision Processes,0749-5978,07495978,12100,Active,Formerly known as Organizational Behavior and Human Performance
994,10893,Social Sciences and Humanities,"Business, Management and Accounting",Strategy and Management,Organizational Behavior and Human Performance,0030-5073,00305073,12100,Changed Name,Continued as Organizational Behavior and Human Decision Processes
998,10898,Social Sciences and Humanities,"Business, Management and Accounting",Strategy and Management,Research in Organizational Behavior,0191-3085,01913085,12702,Active,
999,10899,Social Sciences and Humanities,"Business, Management and Accounting",Strategy and Management,Research Policy,0048-7333,00487333,05415,Active,
1000,10900,Social Sciences and Humanities,"Business, Management and Accounting",Strategy and Management,Research in Transportation Business & Management,2210-5395,22105395,12904,Active,
1006,10906,Social Sciences and Humanities,"Business, Management and Accounting",Strategy and Management,Socio-Economic Planning Sciences,0038-0121,00380121,00317,Active,
1008,10908,Social Sciences and Humanities,"Business, Management and Accounting",Strategy and Management,Technological Forecasting and Social Change,0040-1625,00401625,07771,Active,Formerly known as Technological Forecasting
1009,10909,Social Sciences and Humanities,"Business, Management and Accounting",Strategy and Management,Technovation,0166-4972,01664972,02109,Active,
1016,10934,Social Sciences and Humanities,Decision Sciences,Decision Sciences (General),International Journal of Forecasting,0169-2070,01692070,05378,Active,
1020,10938,Social Sciences and Humanities,Decision Sciences,Decision Sciences (General),"Journal of Open Innovation: Technology, Market, and Complexity",2199-8531,21998531,31515,Active,
1028,10946,Social Sciences and Humanities,Decision Sciences,Decision Sciences (General),Sustainability Analytics and Modeling,2667-2596,26672596,31153,Active,
1033,10951,Social Sciences and Humanities,Decision Sciences,Information Systems and Management,Advanced Engineering Informatics,1474-0346,14740346,02007,Active,Formerly known as Artificial Intelligence in Engineering
1034,10952,Social Sciences and Humanities,Decision Sciences,Information Systems and Management,Artificial Intelligence in Engineering,0954-1810,09541810,02007,Changed Name,Continued as Advanced Engineering Informatics
1037,10955,Social Sciences and Humanities,Decision Sciences,Information Systems and Management,Computers & Industrial Engineering,0360-8352,03608352,00399,Active,
1041,10959,Social Sciences and Humanities,Decision Sciences,Information Systems and Management,Data & Knowledge Engineering,0169-023X,0169023X,05265,Active,
1042,10960,Social Sciences and Humanities,Decision Sciences,Information Systems and Management,Data Science and Informetrics,2694-6106,26946106,32066,Active,
1043,10961,Social Sciences and Humanities,Decision Sciences,Information Systems and Management,Decision Support Systems,0167-9236,01679236,05366,Active,
1047,10966,Social Sciences and Humanities,Decision Sciences,Information Systems and Management,Fuzzy Sets and Systems,0165-0114,01650114,05371,Active,
1048,10967,Social Sciences and Humanities,Decision Sciences,Information Systems and Management,Information & Management,0378-7206,03787206,05374,Active,
1049,10968,Social Sciences and Humanities,Decision Sciences,Information Systems and Management,Information and Organization,1471-7727,14717727,00964,Active,"Formerly known as Accounting, Management and Information Technologies"
1050,10969,Social Sciences and Humanities,Decision Sciences,Information Systems and Management,Information Sciences,0020-0255,00200255,07669,Active,Incorporating Information Sciences - Applications
1051,10970,Social Sciences and Humanities,Decision Sciences,Information Systems and Management,Information Sciences - Applications,1069-0115,10690115,07669,Incorporated,Incorporated into Information Sciences
1052,10971,Social Sciences and Humanities,Decision Sciences,Information Systems and Management,Information Systems,0306-4379,03064379,00236,Active,
1055,10974,Social Sciences and Humanities,Decision Sciences,Information Systems and Management,International Journal of Approximate Reasoning,0888-613X,0888613X,07662,Active,
1056,10975,Social Sciences and Humanities,Decision Sciences,Information Systems and Management,International Journal of Information Management Data Insights,2667-0968,26670968,31103,Active,
1058,10977,Social Sciences and Humanities,Decision Sciences,Information Systems and Management,Journal of Engineering and Technology Management,0923-4748,09234748,05392,Active,Formerly known as Engineering Management International
1060,10979,Social Sciences and Humanities,Decision Sciences,Information Systems and Management,Journal of Industrial Information Integration,2452-414X,2452414X,18297,Active,
1061,10980,Social Sciences and Humanities,Decision Sciences,Information Systems and Management,Journal of Informetrics,1751-1577,17511577,04091,Active,
1062,10981,Social Sciences and Humanities,Decision Sciences,Information Systems and Management,"Journal of Open Innovation: Technology, Market, and Complexity",2199-8531,21998531,31515,Active,
1063,10982,Social Sciences and Humanities,Decision Sciences,Information Systems and Management,The Journal of Strategic Information Systems,0963-8687,09638687,05402,Active,
1068,10987,Social Sciences and Humanities,Decision Sciences,Information Systems and Management,Omega,0305-0483,03050483,00375,Active,
1071,10991,Social Sciences and Humanities,Decision Sciences,Information Systems and Management,Project Leadership and Society,2666-7215,26667215,30427,Active,
1073,10993,Social Sciences and Humanities,Decision Sciences,Information Systems and Management,Sustainability Analytics and Modeling,2667-2596,26672596,31153,Active,
1076,10996,Social Sciences and Humanities,Decision Sciences,Management Science and Operations Research,Computers & Industrial Engineering,0360-8352,03608352,00399,Active,
1079,10999,Social Sciences and Humanities,Decision Sciences,Management Science and Operations Research,Decision Analytics Journal,2772-6622,27726622,31297,Active,
1080,11000,Social Sciences and Humanities,Decision Sciences,Management Science and Operations Research,Discrete Optimization,1572-5286,15725286,05497,Active,
1086,11007,Social Sciences and Humanities,Decision Sciences,Management Science and Operations Research,Expert Systems with Applications,0957-4174,09574174,00939,Active,
1087,11008,Social Sciences and Humanities,Decision Sciences,Management Science and Operations Research,Fuzzy Information and Engineering,1616-8658,16168658,18086,Transferred,Transferred back to the society as of 2018
1088,11009,Social Sciences and Humanities,Decision Sciences,Management Science and Operations Research,Handbooks in Operations Research and Management Science,0927-0507,09270507,08671,Changed Name,Continued as Surveys in Operations Research and Management Science
1090,11011,Social Sciences and Humanities,Decision Sciences,Management Science and Operations Research,International Journal of Production Economics,0925-5273,09255273,05380,Active,Formerly known as Engineering Costs and Production Economics
1091,11012,Social Sciences and Humanities,Decision Sciences,Management Science and Operations Research,International Journal of Project Management,0263-7863,02637863,03047,Active,
1092,11013,Social Sciences and Humanities,Decision Sciences,Management Science and Operations Research,International Transactions in Operational Research,0969-6016,09696016,00134,Transferred,Transferred to Blackwell as of 2001
1093,11014,Social Sciences and Humanities,Decision Sciences,Management Science and Operations Research,Journal of Engineering and Technology Management,0923-4748,09234748,05392,Active,Formerly known as Engineering Management International
1095,11016,Social Sciences and Humanities,Decision Sciences,Management Science and Operations Research,Journal of Industrial Information Integration,2452-414X,2452414X,18297,Active,
1096,11017,Social Sciences and Humanities,Decision Sciences,Management Science and Operations Research,"Journal of Open Innovation: Technology, Market, and Complexity",2199-8531,21998531,31515,Active,
1097,11018,Social Sciences and Humanities,Decision Sciences,Management Science and Operations Research,Journal of Operations Management,0272-6963,02726963,05400,Transferred,Transferred to Wiley as of 2019
1098,11019,Social Sciences and Humanities,Decision Sciences,Management Science and Operations Research,Journal of Purchasing and Supply Management,1478-4092,14784092,03028,Active,Formerly known as European Journal of Purchasing & Supply Management
1102,11025,Social Sciences and Humanities,Decision Sciences,Management Science and Operations Research,Machine Learning with Applications,2666-8270,26668270,30455,Active,
1103,11026,Social Sciences and Humanities,Decision Sciences,Management Science and Operations Research,Omega,0305-0483,03050483,00375,Active,
1104,11027,Social Sciences and Humanities,Decision Sciences,Management Science and Operations Research,"Operations Research, Data Analytics and Logistics",3050-7847,30507847,12972,Active,
1106,11029,Social Sciences and Humanities,Decision Sciences,Management Science and Operations Research,Operations Research Letters,0167-6377,01676377,05412,Active,
1110,11033,Social Sciences and Humanities,Decision Sciences,Management Science and Operations Research,Research Policy,0048-7333,00487333,05415,Active,
1111,11034,Social Sciences and Humanities,Decision Sciences,Management Science and Operations Research,Research in Transportation Business & Management,2210-5395,22105395,12904,Active,
1112,11035,Social Sciences and Humanities,Decision Sciences,Management Science and Operations Research,Socio-Economic Planning Sciences,0038-0121,00380121,00317,Active,
1113,11036,Social Sciences and Humanities,Decision Sciences,Management Science and Operations Research,Surveys in Operations Research and Management Science,1876-7354,18767354,00300,Incorporated,Formerly known as Handbooks in Operations Research and Management Science; Incorporated into Computers & Operations Research;
1114,11037,Social Sciences and Humanities,Decision Sciences,Management Science and Operations Research,Sustainability Analytics and Modeling,2667-2596,26672596,31153,Active,
1118,11041,Social Sciences and Humanities,Decision Sciences,Management Science and Operations Research,Systems Engineering Procedia,2211-3819,22113819,12948,Discontinued,Title discontinued as of 2013
1119,11042,Social Sciences and Humanities,Decision Sciences,Management Science and Operations Research,Systems Engineering – Theory & Practice,1874-8651,18748651,08642,Discontinued,Title discontinued as of 2010
1121,11044,Social Sciences and Humanities,Decision Sciences,Management Science and Operations Research,Technological Forecasting and Social Change,0040-1625,00401625,07771,Active,Formerly known as Technological Forecasting
1122,11045,Social Sciences and Humanities,Decision Sciences,Management Science and Operations Research,Technovation,0166-4972,01664972,02109,Active,
1127,11050,Social Sciences and Humanities,Decision Sciences,Management Science and Operations Research,Transportation Research Part E: Logistics and Transportation Review,1366-5545,13665545,01012,Active,
1128,11051,Social Sciences and Humanities,Decision Sciences,"Statistics, Probability and Uncertainty",Computational Statistics & Data Analysis,0167-9473,01679473,05364,Active,
1130,11053,Social Sciences and Humanities,Decision Sciences,"Statistics, Probability and Uncertainty",Fuzzy Sets and Systems,0165-0114,01650114,05371,Active,
1131,11054,Social Sciences and Humanities,Decision Sciences,"Statistics, Probability and Uncertainty",Information Sciences,0020-0255,00200255,07669,Active,Incorporating Information Sciences - Applications
1134,11057,Social Sciences and Humanities,Decision Sciences,"Statistics, Probability and Uncertainty",International Journal of Approximate Reasoning,0888-613X,0888613X,07662,Active,
1135,11058,Social Sciences and Humanities,Decision Sciences,"Statistics, Probability and Uncertainty",International Transactions in Operational Research,0969-6016,09696016,00134,Transferred,Transferred to Blackwell as of 2001
1138,11061,Social Sciences and Humanities,Decision Sciences,"Statistics, Probability and Uncertainty","Journal of Open Innovation: Technology, Market, and Complexity",2199-8531,21998531,31515,Active,
1141,11064,Social Sciences and Humanities,Decision Sciences,"Statistics, Probability and Uncertainty",Operations Research Letters,0167-6377,01676377,05412,Active,
1144,11068,Social Sciences and Humanities,Decision Sciences,"Statistics, Probability and Uncertainty",Socio-Economic Planning Sciences,0038-0121,00380121,00317,Active,
1150,11074,Social Sciences and Humanities,Decision Sciences,"Statistics, Probability and Uncertainty",Surveys in Operations Research and Management Science,1876-7354,18767354,00300,Incorporated,Formerly known as Handbooks in Operations Research and Management Science; Incorporated into Computers & Operations Research;
1169,11218,Social Sciences and Humanities,"Economics, Econometrics and Finance","Economics, Econometrics and Finance (General)",International Journal of Forecasting,0169-2070,01692070,05378,Active,
1175,11224,Social Sciences and Humanities,"Economics, Econometrics and Finance","Economics, Econometrics and Finance (General)",Journal of Behavioral and Experimental Economics,2214-8043,22148043,07430,Active,Formerly known as The Journal of Socio-Economics
1176,11225,Social Sciences and Humanities,"Economics, Econometrics and Finance","Economics, Econometrics and Finance (General)",Journal of Behavioral and Experimental Finance,2214-6350,22146350,17034,Active,
1178,11227,Social Sciences and Humanities,"Economics, Econometrics and Finance","Economics, Econometrics and Finance (General)",Journal of Economic Behavior & Organization,0167-2681,01672681,05389,Active,
1184,11233,Social Sciences and Humanities,"Economics, Econometrics and Finance","Economics, Econometrics and Finance (General)","Journal of Open Innovation: Technology, Market, and Complexity",2199-8531,21998531,31515,Active,
1194,11243,Social Sciences and Humanities,"Economics, Econometrics and Finance","Economics, Econometrics and Finance (General)",Research in Transportation Business & Management,2210-5395,22105395,12904,Active,
1204,11310,Social Sciences and Humanities,Psychology,Applied Psychology,Applied Behavioral Science Review,1068-8595,10688595,07401,Discontinued,Title discontinued as of 2000
1205,11311,Social Sciences and Humanities,Psychology,Applied Psychology,Applied and Preventive Psychology,0962-1849,09621849,04060,Discontinued,Title discontinued as of 2013
1212,11323,Social Sciences and Humanities,Psychology,Applied Psychology,Journal of Applied Research in Memory and Cognition,2211-3681,22113681,14077,Transferred,Transferred to American Psychological Association as of 2022
1214,11325,Social Sciences and Humanities,Psychology,Applied Psychology,Journal of Behavioral and Experimental Economics,2214-8043,22148043,07430,Active,Formerly known as The Journal of Socio-Economics
1217,11330,Social Sciences and Humanities,Psychology,Applied Psychology,Journal of Economic Behavior & Organization,0167-2681,01672681,05389,Active,
1227,11341,Social Sciences and Humanities,Psychology,Applied Psychology,The Leadership Quarterly,1048-9843,10489843,07433,Active,
1229,11343,Social Sciences and Humanities,Psychology,Applied Psychology,Organizational Behavior and Human Decision Processes,0749-5978,07495978,12100,Active,Formerly known as Organizational Behavior and Human Performance
1230,11344,Social Sciences and Humanities,Psychology,Applied Psychology,Organizational Behavior and Human Performance,0030-5073,00305073,12100,Changed Name,Continued as Organizational Behavior and Human Decision Processes
1231,11345,Social Sciences and Humanities,Psychology,Applied Psychology,Organizational Dynamics,0090-2616,00902616,07753,Active,
1235,11349,Social Sciences and Humanities,Psychology,Applied Psychology,Psychologie du Travail et des Organisations,1420-2530,14202530,09157,Active,
1238,11352,Social Sciences and Humanities,Psychology,Applied Psychology,Research in Organizational Behavior,0191-3085,01913085,12702,Active,
1243,11357,Social Sciences and Humanities,Psychology,Applied Psychology,Revista de Psicología del Trabajo y de las Organizaciones,1576-5962,15765962,15819,Transferred,Transferred back to the society as of 2018
1247,11361,Social Sciences and Humanities,Psychology,Applied Psychology,Technological Forecasting and Social Change,0040-1625,00401625,07771,Active,Formerly known as Technological Forecasting
1250,11468,Social Sciences and Humanities,Psychology,Experimental and Cognitive Psychology,Advances in Behaviour Research and Therapy,0146-6402,01466402,00458,Discontinued,Title discontinued as of 1995
1264,11488,Social Sciences and Humanities,Psychology,Experimental and Cognitive Psychology,International Journal of Human-Computer Studies,1071-5819,10715819,12608,Active,Formerly known as International Journal of Man-Machine Studies; Incorporating Knowledge Acquisition
1265,11489,Social Sciences and Humanities,Psychology,Experimental and Cognitive Psychology,International Journal of Man-Machine Studies,0020-7373,00207373,12608,Changed Name,Continued as International Journal of Human-Computer Studies
1266,11492,Social Sciences and Humanities,Psychology,Experimental and Cognitive Psychology,Journal of Applied Research in Memory and Cognition,2211-3681,22113681,14077,Transferred,Transferred to American Psychological Association as of 2022
1267,11493,Social Sciences and Humanities,Psychology,Experimental and Cognitive Psychology,Journal of Behavioral and Cognitive Therapy,2589-9791,25899791,15573,Active,Formerly known as Journal de Thérapie Comportementale et Cognitive
1268,11494,Social Sciences and Humanities,Psychology,Experimental and Cognitive Psychology,Journal of Behavioral and Experimental Finance,2214-6350,22146350,17034,Active,
1293,11554,Social Sciences and Humanities,Psychology,Psychology (General),Computers in Human Behavior: Artificial Humans,2949-8821,29498821,31576,Active,
1294,11555,Social Sciences and Humanities,Psychology,Psychology (General),Computers in Human Behavior Reports,2451-9588,24519588,30292,Active,
1337,11615,Social Sciences and Humanities,Psychology,Social Psychology,Journal of Behavioral and Experimental Finance,2214-6350,22146350,17034,Active,
1343,11627,Social Sciences and Humanities,Psychology,Social Psychology,Organizational Behavior and Human Decision Processes,0749-5978,07495978,12100,Active,Formerly known as Organizational Behavior and Human Performance
1345,11629,Social Sciences and Humanities,Psychology,Social Psychology,Psychologie du Travail et des Organisations,1420-2530,14202530,09157,Active,
1358,11961,Social Sciences and Humanities,Social Sciences,Human Factors and Ergonomics,International Journal of Human-Computer Studies,1071-5819,10715819,12608,Active,Formerly known as International Journal of Man-Machine Studies; Incorporating Knowledge Acquisition
1360,11963,Social Sciences and Humanities,Social Sciences,Human Factors and Ergonomics,International Journal of Man-Machine Studies,0020-7373,00207373,12608,Changed Name,Continued as International Journal of Human-Computer Studies
1367,11971,Social Sciences and Humanities,Social Sciences,Human Factors and Ergonomics,Technology in Society,0160-791X,0160791X,00384,Active,
1379,12093,Social Sciences and Humanities,Social Sciences,Safety Research,Reliability Engineering & System Safety,0951-8320,09518320,02054,Active,Formerly known as Reliability Engineering
1392,12110,Social Sciences and Humanities,Social Sciences,Social Sciences (General),Evaluation Practice,0886-1633,08861633,07405,Changed Name,Continued as The American Journal of Evaluation
1395,12114,Social Sciences and Humanities,Social Sciences,Social Sciences (General),International Journal of Information Management Data Insights,2667-0968,26670968,31103,Active,
1402,12125,Social Sciences and Humanities,Social Sciences,Social Sciences (General),Research Talks,2667-3819,26673819,31184,Discontinued,
1406,12130,Social Sciences and Humanities,Social Sciences,Social Sciences (General),Societal Impacts,2949-6977,29496977,31483,Active,
